Facility,Distance (meters)
Fire Station,0.45746546611639977
Health Facility,0.09362330613236954
Red Cross,0.21209456306285537
